{"count":1,"self":2.288649,"total":2.4486149999999998,"children":{"InitializeActuators":{"count":1,"self":0.00095099999999999991,"total":0.00095099999999999991,"children":null},"InitializeSensors":{"count":1,"self":0.00079999999999999993,"total":0.00079999999999999993,"children":null},"AgentSendState":{"count":186,"self":0.0016769999999999999,"total":0.014008999999999999,"children":{"CollectObservations":{"count":186,"self":0.009091,"total":0.009091,"children":null},"WriteActionMask":{"count":186,"self":0.000338,"total":0.000338,"children":null},"RequestDecision":{"count":186,"self":0.0029029999999999998,"total":0.0029029999999999998,"children":null}}},"DecideAction":{"count":186,"self":0.068635,"total":0.068635,"children":null},"AgentAct":{"count":186,"self":0.075317,"total":0.075317,"children":null}},"gauges":{},"metadata":{"timer_format_version":"0.1.0","start_time_seconds":"1757300940","unity_version":"2022.3.62f1c1","command_line_arguments":"\/home\/dell\/Unity\/Hub\/Editor\/2022.3.62f1c1\/Editor\/Unity -projectpath \/home\/dell\/ylq\/GewuExample1\/gewu -useHub -hubIPC -cloudEnvironment production","communication_protocol_version":"1.5.0","com.unity.ml-agents_version":"3.0.0","scene_name":"G1force","end_time_seconds":"1757300943"}}